"Trial.ID","resp.pCR","resp.Chemosensitive","resp.Chemoresistant","RCB.score","RCB.category","Age.at.diagnosis","Histology","ER.status","HER2.status","LN.at.diagnosis","Grade.pre.chemotherapy","Size.at.diagnosis","ER.Allred","median_lymph_KDE_knn_50","All.TMB","Coding.TMB","Expressed.NAg","CodingMuts.PIK3CA","CodingMuts.TP53","CIN.Prop","HLA.LOH","HRD.LOH","HRD.TelomericAI","HRD.LST","HRD.sum","STAT1.gsva","GGI.gsva","GEP.gsva","ESC.gsva","STAT1.ssgsea.norm","GGI.ssgsea.norm","GEP.ssgsea.norm","ESC.ssgsea.norm","STAT1.ssgsea.notnorm","GGI.ssgsea.notnorm","ESC.ssgsea.notnorm","PGR.log2.tpm","ESR1.log2.tpm","ERBB2.log2.tpm","CytScore.log2","Swanton.MitosisScore","Swanton.CeramideScore","Swanton.PaclitaxelScore","TIDE.Dysfunction","TIDE.Exclusion","TIDE.MDSC","TIDE.CAF","TIDE.TAM.M2","TIDE.IFNG","TIDE.CD274","TIDE.CD8","Danaher.B.cells","Danaher.CD45","Danaher.CD8.T.cells","Danaher.Cytotoxic.cells","Danaher.DC","Danaher.Exhausted.CD8","Danaher.Macrophages","Danaher.Mast.cells","Danaher.Neutrophils","Danaher.NK.CD56dim.cells","Danaher.NK.cells","Danaher.T.cells","Danaher.Th1.cells","Danaher.Treg","Chemo.NumCycles","Chemo.first.Taxane","Chemo.first.Anthracycline","Chemo.second.Taxane","Chemo.second.Anthracycline","Chemo.any.Anthracycline","Chemo.any.antiHER2","TP1","TP2","TP3","TP4"
"T002",1,1,0,0,0,42,1,1,-1,1,2,98,7,-3.452945299,146,74,28,0,0,0.421996677,0,16,22,25,63,0.613,0.355,0.633,0.387,1.611,1.595,1.72,1.725,23011.118,22789.455,24644.274,0.387,2.012,5.311,5.352,3.477028924,3.305733832,0.171295092,0.33,-0.36,0.01,-0.07,0,0.1,-0.62,0.85,2.704,5.017,4.422,4.013,2.561,2.439,2.536,3.038,-1.198,-3.372,1.858,3.736,2.124,2.655,6,1,0,0,1,1,0,0,1,0,0
"T012",1,1,0,0,0,33,1,1,-1,1,3,132,3,-3.947175247,181,93,42,0,1,0.473926785,1,15,21,25,61,-0.413,0.648,-0.39,0.542,1.418,1.728,1.514,1.779,20262.91,24693.636,25417.178,-1.437,1.231,6.175,3.441,4.913713097,3.529904297,1.3838088,-1.27,0.14,0.08,-0.13,0.07,-1.19,-1.03,-0.28,-0.391,3.996,3.202,2.336,2.355,1.281,1.976,0.912,-1.01,-5.077,0.476,1.876,0.403,1.922,6,1,0,0,1,1,0,0,1,0,0
"T014",1,1,0,0,0,40,1,1,1,-1,3,38,8,-3.209449851,255,109,29,0,1,0.276010595,0,5,17,1,23,0.668,0.482,0.788,0.373,1.618,1.599,1.763,1.702,23112.899,22843.518,24313.552,0.241,4.689,10.732,5.176,3.812038235,3.768022362,0.044015873,0.84,-1.22,-0.06,-0.1,-0.02,0.85,0.42,0.82,1.867,5.105,4.392,4.054,2.836,2.784,2.728,3.233,-0.134,-1.92,1.908,3.768,2.679,3.919,6,0,1,1,0,1,1,1,0,0,0
"T015",0,0,0,1.508,2,57,1,-1,-1,-1,3,33,0,-3.056353674,176,91,42,0,1,0.550599701,0,3,14,0,17,0.805,-0.321,0.841,-0.123,1.738,1.485,1.865,1.682,24835.863,21212.68,24028.108,-1.752,0.691,5.071,6.365,3.208775398,3.835892013,-0.627116616,1.17,-1.52,-0.14,0,-0.1,1.66,1.09,1.49,2.929,6.408,5.083,4.798,4.114,4.079,4.442,2.144,0.718,-1.215,2.477,4.859,3.458,4.872,6,1,0,0,1,1,0,0,1,0,0
"T016",0,0,1,3.773,3,56,0,1,-1,1,2,66,8,-3.444441471,54,31,23,1,0,0.418673298,1,3,9,1,13,-0.659,-0.042,-0.679,0.29,1.32,1.52,1.447,1.692,18863.217,21719.178,24174.977,3.468,5.322,6.263,2.953,3.233630097,4.646020486,-1.412390389,-0.22,1.45,0.06,0.1,0.09,-1.95,-1.23,-1.08,-0.9,3.361,2.283,1.461,1.616,1.093,1.3,6.453,-2.989,-5.992,0.094,1.564,0.025,2.075,6,1,0,0,1,1,0,0,1,0,0
"T029",0,0,0,2.066,2,53,1,1,1,-1,3,22,8,-3.539595925,76,42,8,0,0,0.130659658,0,7,14,2,23,-0.54,0.631,-0.513,0.5,1.363,1.698,1.492,1.745,19471.358,24258.365,24932.06,-1.616,6.794,8.003,2.609,4.56703751,3.629400719,0.93763679,-0.47,-0.56,0.06,-0.19,0.05,-1.85,-1.79,-1.47,-0.152,3.343,1.795,1.31,0.179,0.463,1.14,1.821,-2.94,-6.055,-0.656,1.462,0.312,2.326,6,0,1,1,0,1,1,1,0,0,0
"T037",1,1,0,0,0,49,1,-1,-1,-1,3,31,1,-3.476591374,153,78,30,0,0,0.397072921,0,8,25,7,40,0.351,0.643,-0.316,0.601,1.517,1.715,1.473,1.782,21668.904,24507.566,25463.194,-4.093,-1.323,4.52,2.177,5.293741111,3.259918705,2.033822405,-1.15,-0.54,0.1,-0.14,-0.06,-1.17,-0.92,-2.59,-1.54,3.748,-0.111,1.182,1.108,0.673,2.321,-1.193,1.265,-6.916,-1.317,0.8,-0.193,1.923,6,1,0,0,1,1,0,0,1,0,0
"T041",0,0,0,2.068,2,44,1,1,-1,-1,3,31,8,-3.654908878,71,35,17,1,1,0.319682637,0,8,15,8,31,-0.279,0.7,-0.532,0.474,1.386,1.72,1.426,1.739,19800.631,24568.572,24843.283,-0.388,7.92,8.199,2.485,5.404718283,5.150006093,0.25471219,-1.05,0.03,0.09,-0.1,0.02,-1.53,-0.71,-0.98,-3.22,3.263,2.399,1.568,0.106,1.172,-0.032,2.224,-2.435,-7.235,-0.332,1.089,0.157,2.26,6,1,0,0,1,1,0,0,1,0,0
"T046",0,0,0,2.873,2,65,1,1,-1,1,3,20,8,-3.288427181,85,50,27,0,1,0.510301452,1,18,17,10,45,0.713,0.578,0.83,0.39,1.676,1.618,1.808,1.71,23950.019,23121.337,24424.204,0.194,6.886,6.076,6.241,3.870402894,4.545305663,-0.674902769,1.3,-0.73,-0.02,-0.02,-0.06,1.4,1.03,1.32,2.866,5.528,4.913,5.27,2.616,3.869,3.104,4.034,0.039,-0.547,3.146,4.155,3.488,4.16,6,1,0,0,1,1,0,0,1,0,0
"T047",0,0,0,2.795,2,58,1,1,-1,-1,2,51,8,-3.812467536,75,41,8,1,0,0.241502889,1,5,6,5,16,-0.578,-0.634,-0.609,-0.419,1.323,1.388,1.385,1.636,18899.004,19828.148,23376.349,4.297,6.152,5.735,2.837,1.824738536,5.041847202,-3.217108666,0.06,0.7,0,0.08,0.06,-2.11,-0.92,-1.89,-2.163,2.547,1.202,2.009,2.959,0.843,2.329,2.71,-3.15,-6.023,-0.319,0.653,0.631,0.737,6,1,0,0,1,1,0,0,1,0,0
"T057",1,1,0,0,0,42,1,-1,-1,-1,3,46,0,-3.610445065,76,49,20,0,1,0.484670324,0,4,16,4,24,-0.751,0.545,-0.77,0.271,1.115,1.685,1.2,1.735,15933.984,24071.023,24781.965,-0.87,0.692,6.622,1.176,4.409759492,2.125598572,2.28416092,-0.77,1.31,0.15,0.01,0.06,-3.91,-2.12,-1.61,-2.383,0.945,1.619,-0.169,0.748,-0.314,-0.182,2.009,-3.438,-5.337,-1.931,-0.921,-1.69,2.1,6,1,0,0,1,1,0,0,1,0,0
"T059",1,1,0,0,0,52,1,1,1,-1,3,18,6,-3.613957087,103,56,33,0,0,0.332325537,0,3,11,2,16,-0.63,-0.483,-0.644,-0.446,1.275,1.453,1.372,1.639,18219.48,20756.856,23413.43,-0.834,2.569,11.422,2.546,2.85580329,3.103241789,-0.247438499,0.97,-0.1,-0.01,-0.03,0.05,-2.99,-1.61,-1.41,1.123,3.836,1.882,1.916,1.736,1.136,1.417,2.625,1.639,-6.13,-0.786,2.156,0.885,3.165,6,0,1,1,0,1,1,1,0,0,0
"T066",0,0,0,2.77,2,52,1,1,-1,1,2,25,8,-3.776324788,128,72,14,1,0,0.369624434,1,7,18,2,27,-0.392,0.146,-0.382,-0.032,1.359,1.542,1.43,1.666,19413.635,22029.978,23805.263,-0.747,4.61,6.813,2.56,3.130388729,3.613295426,-0.482906697,0.61,1.09,0.06,0.15,-0.02,-1.85,-1.12,-1.7,-3.824,2.573,1.489,1.367,0.607,0.355,2.214,3.764,-1.092,-5.715,-1.033,0.601,-0.27,1.608,6,1,0,0,1,1,0,0,1,0,0
"T076",0,1,0,0.892,1,54,1,-1,1,-1,2,32,0,-3.172606566,22,16,7,0,1,0.192978593,1,7,5,0,12,0.309,-0.77,0.538,-0.558,1.572,1.257,1.657,1.605,22457.89,17961.95,22926.195,-0.04,3.296,8.495,4.664,1.05658962,4.219413972,-3.162824352,1.68,0.44,-0.1,0.19,0.01,-0.91,-0.35,-0.12,3.294,5.737,3.39,3.468,2.856,2.408,1.799,3.987,-0.686,-2.858,1.946,4.078,2.201,3.928,6,0,1,1,0,1,1,1,0,0,0
"T092",0,1,0,1.169,1,53,1,-1,1,1,3,46,0,-3.706141064,141,75,30,1,1,0.397053816,0,10,17,3,30,0.46,0.415,0.644,0.296,1.575,1.603,1.696,1.73,22499.892,22897.404,24720.688,-1.723,-0.249,10.26,4.652,4.263758024,4.482527638,-0.218769614,-0.53,-0.62,-0.03,-0.05,-0.01,0.57,0.19,0.52,1.158,5.342,4.07,3.554,2.068,2.711,2.821,3.681,-0.457,-1.238,1.834,3.581,1.863,3.399,6,0,1,1,0,1,1,1,0,0,0
"T104",1,1,0,0,0,53,1,-1,-1,1,3,40,0,-3.515358091,81,39,24,0,1,0.320605243,0,6,15,3,24,0.222,0.584,0.305,0.571,1.488,1.652,1.615,1.75,21261.344,23595.686,25003.273,-3.555,1.111,6.502,3.937,4.482771907,4.348712616,0.13405929,-1.16,-0.92,0.04,-0.19,0.01,0.53,0.09,-0.02,-0.967,4.066,3.49,3.068,2.168,1.817,1.481,2.12,0.46,-1.689,2.518,3.041,1.127,1.937,6,1,0,0,1,1,0,0,1,0,0
"T114",0,0,0,1.807,2,62,1,-1,1,1,3,49,0,-3.473897812,77,38,28,1,1,0.507222296,1,5,18,0,23,0.628,0.541,0.544,0.58,1.632,1.671,1.659,1.78,23309.224,23871.436,25430.714,-1.71,0.002,6.15,3.18,4.767025281,3.311495957,1.455529324,-0.64,-0.56,0.04,-0.07,-0.06,-0.1,0.01,-1.42,2.183,4.42,1.869,2.14,2.241,1.641,2.961,0.802,-0.25,-4.659,0.289,2.331,1.132,2.705,6,0,1,1,0,1,1,1,0,0,0
"T116",0,0,1,3.374,3,66,1,1,1,1,3,25,8,-4.307413262,48,24,12,0,1,0.208828603,1,3,10,1,14,0.514,0.574,0.33,0.416,1.548,1.611,1.636,1.701,22112.885,23011.868,24298.278,2.261,8.163,7.665,4.509,3.951292103,5.317011859,-1.365719756,-0.33,-0.9,-0.02,-0.11,0,0.31,0.34,0.32,1.626,5.313,3.856,3.255,2.366,2.304,2.251,2,-1.12,-1.323,1.797,3.603,2.119,4.108,6,0,1,1,0,1,1,1,0,0,0
"T123",0,0,0,1.98,2,53,1,-1,-1,1,3,38,0,-3.687677016,66,39,7,0,1,0.399701943,0,11,27,13,51,0.537,0.649,0.653,0.614,1.595,1.72,1.76,1.787,22786.569,24568.563,25533.836,-2.598,-1.337,5.984,5.792,5.486162713,3.506004305,1.980158408,-1.14,-1.01,0.04,-0.16,-0.04,0.89,0.84,0.47,0.638,5.069,4.012,4.416,4.217,2.952,2.96,-0.576,-0.654,-0.661,1.399,3.459,2.493,3.414,7,1,0,0,1,1,0,0,1,0,0
"T128",1,1,0,0,0,55,1,-1,1,1,3,33,2,-3.626290748,155,85,10,0,0,0.452003262,0,1,26,9,36,0.666,0.435,0.644,0.371,1.607,1.571,1.672,1.719,22953.49,22445.807,24557.819,-1.286,-0.808,10.626,4.275,3.898795835,4.988176072,-1.089380237,-0.2,-0.77,-0.05,-0.03,-0.03,0.06,-0.11,0.5,1.839,5.682,4.052,2.739,1.852,2.336,2.51,2.931,-0.115,-1.982,0.974,3.65,1.256,3.506,6,0,1,1,0,1,1,1,0,0,0
"T130",0,0,0,1.623,2,68,1,-1,-1,1,3,38,0,-3.908259694,120,56,13,0,1,0.767966371,0,9,31,19,59,-0.508,0.447,-0.557,0.35,1.395,1.629,1.462,1.755,19925.296,23276.67,25077.301,0.677,-0.088,6.637,2.748,4.017439082,3.227968747,0.789470334,-1.23,0.45,0.06,0.02,0.01,-1.19,-1.35,-0.88,-2.902,3.903,2.533,1.093,0.475,0.848,2.184,0.656,-1.566,-4.261,-0.499,1.044,-0.47,1.369,7,1,0,0,1,1,0,0,1,0,0
"T132",0,0,0,1.54,2,47,1,1,1,-1,2,51,8,-4.952198572,34,15,2,0,0,0.126499207,0,3,4,0,7,-0.424,-0.695,-0.481,-0.523,1.383,1.357,1.396,1.635,19761.507,19381.697,23362.761,2.777,2.446,9.091,1.659,1.778075154,4.389020176,-2.610945022,-0.24,1.43,-0.05,0.29,0.02,-1.57,-1.18,-2.03,-2.754,4.186,0.931,0.591,1.389,0.057,2.554,6.045,0.057,-4.702,-2.499,0.357,-1.433,0.842,4,1,0,0,0,0,1,0,0,1,0
"T138",0,0,0,1.568,2,38,0,1,-1,1,3,43,8,-3.323288659,50,29,20,0,1,0.404318562,0,9,10,2,21,0.508,0,0.326,0.26,1.564,1.51,1.568,1.688,22340.947,21577.971,24110.111,1.58,6.202,5.778,3.763,3.116701788,4.420269853,-1.303568065,-0.18,-1.07,-0.02,-0.14,0,-0.44,-0.36,-0.25,2.233,5.142,3.242,2.676,2.036,1.829,2.34,3.455,-1.256,-1.921,1.532,3.352,1.843,3.117,6,1,0,0,1,1,0,0,1,0,0
"T139",0,0,0,3.055,2,46,1,1,-1,-1,3,28,8,-3.588009611,85,43,33,0,0,0.440636765,0,13,16,3,32,-0.39,0.548,-0.405,0.472,1.397,1.641,1.496,1.737,19954.693,23443.555,24820.578,5.341,7.206,7.116,3.205,5.162776806,5.36230693,-0.199530124,-1.34,0.49,0.07,-0.01,0.02,-1.03,-0.87,-0.54,0.182,4.327,2.896,1.442,0.51,1.345,1.186,2.117,-2.668,-2.691,-0.599,2.365,0.342,2.911,6,1,0,0,1,1,0,0,1,0,0
"T141",0,0,0,1.799,2,39,1,1,-1,-1,3,28,7,-3.698183794,33,19,6,0,0,0.140257026,0,3,7,0,10,0.543,-0.247,0.481,0.168,1.581,1.48,1.636,1.689,22586.773,21148.142,24129.073,4.852,5.416,5.669,4.019,3.356033513,5.194587603,-1.83855409,-1.05,-0.36,-0.13,0.1,0,0.4,-0.11,0.16,-0.5,5.853,3.689,2.941,2.529,1.718,3.942,5.878,-0.255,-2.654,0.733,3.277,0.876,2.298,6,1,0,0,1,1,0,0,1,0,0
"T142",1,1,0,0,0,42,1,1,1,1,3,31,8,-3.161293665,42,21,8,0,0,0.166249835,0,7,9,6,22,0.751,0.371,0.879,0.479,1.726,1.569,1.829,1.727,24655.402,22417.399,24666.948,2.906,5.216,9.911,6.007,3.754727849,5.020244319,-1.265516471,-0.07,-2.27,-0.11,-0.18,-0.06,1.75,1.14,2.22,2.607,6.717,5.835,4.928,3.379,3.401,2.817,3.746,-0.698,0.851,3.897,5.058,2.688,3.636,7,1,0,0,1,1,1,1,0,0,0
"T151",0,0,0,2.685,2,68,1,1,-1,1,3,46,8,-3.539354814,125,77,38,0,1,0.618368943,1,6,15,0,21,0.645,0.411,0.748,0.168,1.65,1.59,1.738,1.712,23577.404,22718.062,24457.361,1.711,6.766,4.995,4.985,3.535678753,4.923016856,-1.387338103,0.49,-0.77,-0.08,0,-0.02,0.45,0,0.73,1.62,5.561,4.298,3.709,2.709,2.998,3.065,3.571,-0.174,-1.132,2.006,3.968,2.64,3.628,6,1,0,0,1,1,0,0,1,0,0
"T161",0,0,1,3.956,3,55,1,1,-1,1,3,67,8,-3.799452639,42,25,27,0,1,0.377189722,0,4,11,5,20,0.256,-0.522,0.351,-0.376,1.523,1.457,1.604,1.661,21752.603,20816.188,23723.708,3.081,6.06,5.453,4.227,3.025337629,5.115180839,-2.08984321,0.24,0.35,-0.1,0.17,0.01,-0.96,-0.5,0.03,1.505,5.378,3.534,2.916,1.728,2.215,2.947,4.781,-2.175,-4.254,0.883,3.06,0.946,2.679,6,1,0,0,1,1,0,0,1,0,0
"T177",0,1,0,1.014,1,49,1,1,-1,-1,3,35,8,-3.842312436,146,89,26,0,0,0.319808818,0,9,30,19,58,-0.588,-0.291,-0.724,-0.555,1.255,1.551,1.235,1.645,17931.089,22165.373,23502.919,4.198,6.027,6.08,0.975,3.34557227,3.944710554,-0.599138283,-0.61,-0.24,-0.02,-0.01,0.02,-2.17,-0.78,-2.45,-5.092,3.339,0.035,-1.346,-0.443,-0.361,1.77,0.707,-2.512,-5.931,-3.464,-0.551,-1.288,0.268,7,1,0,0,1,1,0,0,1,0,0
"T189",0,0,1,3.395,3,39,1,1,-1,1,3,52,8,-3.853311033,840,342,137,0,0,0.333798182,0,11,13,8,32,0.036,-0.555,0.228,-0.655,1.522,1.434,1.626,1.603,21741.694,20487.338,22906.097,0.138,0.588,4.384,3.2,2.873665562,4.541716136,-1.668050574,0.24,-0.51,-0.11,0.12,-0.06,0.27,0.65,-1.44,-2.124,5.444,1.82,1.456,3.174,1.581,2.639,1.025,-1.563,-3.97,-0.343,2.218,0.813,2.215,6,1,0,0,1,1,0,0,1,0,0
"T195",0,1,0,1.341,1,74,1,-1,-1,-1,3,40,0,-3.711672496,379,183,60,1,1,0.44612918,0,8,24,14,46,-0.416,0.627,-0.385,0.415,1.342,1.699,1.431,1.718,19178.35,24278.264,24550.719,-3.826,-0.787,5.562,2.152,4.726718604,4.114715864,0.61200274,-1.19,-0.43,0.03,-0.11,0.02,-1.48,-1.3,-2.04,-0.756,5.07,0.643,0.512,1.084,1.141,-1.19,0.153,-3.927,-0.872,0.344,1.927,-0.388,1.777,4,1,0,0,0,0,0,0,0,0,1
"T203",0,0,0,3.151,2,48,0,1,-1,-1,3,35,8,-4.293275778,53,25,15,0,0,0.099216303,0,3,8,4,15,-0.711,-0.461,-0.887,-0.532,1.039,1.531,0.973,1.662,14847.423,21872.203,23748.589,2.915,7.069,5.841,-0.727,2.58363052,5.02211762,-2.4384871,-1.03,-0.75,0.02,-0.19,0.06,-4.11,-2.14,-3.42,-7.498,0.37,-3.051,-2.468,-4.809,-2.042,-1.627,0.003,-6.429,-7.947,-6.221,-2.895,-3.847,-3.098,6,1,0,0,1,1,0,0,1,0,0
"T212",0,0,0,1.482,2,74,1,-1,-1,-1,3,26,0,-4.04021842,140,65,28,1,0,0.221599854,0,9,20,6,35,-0.731,0.017,-0.855,-0.327,1.174,1.54,1.062,1.666,16776.111,21996.516,23801.182,0.158,1.274,7.88,1.188,4.208137362,4.943526725,-0.735389363,-1.43,0.18,0.04,-0.01,0,-2.38,-0.65,-2.27,-4.091,3.86,0.658,-0.333,-1.628,-0.225,1.389,0.256,-0.56,-7.358,-1.248,-0.129,-1.109,1.131,6,1,0,0,1,1,0,0,1,0,0
"A010",1,0,0,0,0,42,1,1,-1,-1,3,22,8,-4.2699236,136,64,38,1,1,0.291685107,0,8,14,8,30,0.225,0.171,0.481,-0.197,2.001,2.047,2.192,2.256,21483.666,21976.766,24218.342,4.223,5.166,5.367,3.912,3.913295771,4.082472133,-0.169176363,-0.45,-0.24,0.04,-0.06,0,0.55,-0.08,-0.59,-0.419,4.274,2.913,2.702,2.913,1.724,2.535,3.853,-1.428,-3.286,0.551,2.683,1.194,4.097,6,1,0,0,1,1,0,0,1,0,0
"A014",0,0,0,3.677,3,63,0,1,-1,1,2,47,8,-5.0733694,25,21,22,0,0,0.162486057,0,5,8,1,14,-0.116,-0.503,-0.497,-0.62,1.914,1.836,2.021,2.174,20549.555,19703.476,23333.628,-0.835,7.804,5.688,3.354,1.898142253,4.995984077,-3.097841824,-0.34,-1.3,-0.01,-0.2,0.03,-1.19,-0.78,-0.81,-1.346,3.22,2.688,1.759,0.429,1.122,0.97,3.7,-3.504,-5.122,0.193,1.599,-0.038,0.907,6,1,0,0,1,1,0,0,1,0,0
"A042",0,0,0,0.946,1,50,0,-1,-1,-1,3,22,0,-4.407352,32,17,7,1,0,0.511694128,1,3,10,2,15,0.102,0.444,0.418,0.458,1.965,2.163,2.152,2.314,21088.277,23216.108,24841.633,-1.245,-0.583,3.392,4.05,4.559614381,4.477975082,0.081639299,-0.69,1.23,0.08,0.12,-0.01,-0.23,0.79,-1.02,-2.637,4.471,2.43,2.775,4.119,2.143,4.053,7.261,-2.101,-3.923,1.539,1.54,0.674,2.907,6,1,0,0,1,1,0,0,1,0,0
"A057",0,0,0,1.518,2,54,1,1,-1,1,2,32,8,-3.2928437,25,14,10,0,0,0.153638526,0,2,3,0,5,-0.312,-0.316,-0.623,0.201,1.858,1.959,1.942,2.251,19944.942,21025.657,24159.55,5.598,4.668,5.78,2.991,2.479851189,3.828840618,-1.348989429,-0.54,-0.89,-0.03,-0.19,0.09,-1.74,-1.63,-1.59,-0.26,3.726,1.733,1.848,1.77,0.548,3.563,1.728,-1.432,-4.827,-0.038,1.396,1.691,0.346,6,1,0,0,1,1,0,0,1,0,0
"A292",0,0,0,1.696,2,49,1,1,-1,-1,2,58,8,-3.6879086,29,17,18,0,0,0.250253873,0,1,6,0,7,-0.727,-0.769,-0.83,-0.687,1.565,1.472,1.593,2.103,16795.469,15804.31,22570.398,4.795,5.526,5.782,0.398,0.014029768,4.129527116,-4.115497348,-0.8,-0.02,0,-0.05,0.07,-2.87,-1.57,-2.53,-2.01,2.02,0.299,-0.419,-2.193,-0.777,-0.676,3.055,-3.328,-7.068,-3.955,-0.248,-3.042,-0.71,6,1,0,0,1,1,0,0,1,0,0
"A637",0,0,0,0.947,1,65,1,-1,-1,1,3,38,0,-3.2755877,151,70,46,0,1,0.661300329,1,9,22,10,41,0.223,0.678,0.093,0.564,1.983,2.311,2.079,2.371,21288.331,24812.389,25447.508,-1.204,0.235,6.109,3.41,5.980248183,3.871326955,2.108921228,-1.35,0.6,0.13,-0.03,-0.02,0.81,0.99,-0.88,-0.489,4.753,2.613,2.184,3.845,1.664,2.942,3.205,0.109,-5.648,0.165,1.722,0.745,3.878,6,1,0,0,1,1,0,0,1,0,0
"A767",0,0,0,1.636,2,57,1,1,-1,-1,3,21,3,-4.639152,266,139,58,0,1,0.537662304,1,12,30,18,60,0.059,-0.198,0.26,-0.389,1.966,1.963,2.089,2.217,21104.636,21071.81,23793.893,1.046,2.281,6.199,3.266,3.735847915,3.321125508,0.414722407,-0.47,0.2,0.07,0.03,-0.06,0.56,-0.02,-0.97,-2.063,3.849,2.502,1.8,2.204,0.924,2.657,3.497,0.512,-7.213,-0.455,1.107,0.218,2.8,6,1,0,0,1,1,0,0,1,0,0
"T206",0,1,0,1.331,1,55,1,1,1,-1,3,36,8,-4.640040532,125,50,9,0,1,0.276452734,0,4,23,15,42,-0.556,-0.388,-0.594,-0.566,1.332,1.501,1.34,1.63,19027.834,21447.797,23283.873,4.136,5.235,9.221,2.154,4.174804083,5.018694901,-0.843890818,-0.54,0.06,-0.06,0.09,0,-1.74,-0.37,-1.91,-2.553,5.178,1.168,0.69,1.001,1.017,3.066,4.663,-1.07,-5.223,-2.724,1.193,-0.807,2.359,4,1,0,0,0,0,1,0,0,1,0
"T207",1,1,0,0,0,61,1,-1,1,1,3,97,0,-3.82360593,204,92,15,0,0,0.432253389,1,16,26,14,56,-0.251,0.457,-0.287,0.219,1.336,1.544,1.374,1.636,19081.872,22054.448,23379.901,-1.269,1.25,10.747,2.077,3.712787663,4.179430223,-0.466642561,-0.69,0.32,0,0.05,0,-1.72,-0.72,-1.81,-1.365,6.021,1.122,0.141,-2.686,-0.095,0.174,2.772,-2.379,-6.96,-1.658,1.897,0.228,3.049,7,1,0,0,1,1,1,1,0,0,0
"T218",0,0,0,3.072,2,40,1,1,1,1,3,34,8,-3.607653008,67,33,11,1,1,0.252727084,0,9,13,6,28,-0.613,-0.409,-0.698,-0.492,1.312,1.51,1.328,1.665,18738.522,21566.504,23793.166,3.272,6.405,5.784,1.321,3.205838073,4.825693524,-1.619855451,-0.89,-0.25,-0.02,-0.03,0.01,-1.44,-1.06,-2.18,-2.634,4.083,0.702,0.332,-0.919,0.15,1.591,1.377,-2.838,-5.677,-0.463,0.54,-0.604,0.146,7,1,0,0,1,1,1,1,0,0,0
